<EmoticonSet>
    <id>20200107</id>
    <name>小蓝</name>
    <iconUri>sy_emoji_0001.png</iconUri>
    <iconType>png</iconType>
    <showName>0</showName>
    <bigEmoticon>1</bigEmoticon>
    <rol>4</rol>
    <row>3</row>
    <showDel>0</showDel>

    <Emoticon>
        <id>0001</id>
        <iconUri>sy_emoji_0001.png</iconUri>
        <iconType>png</iconType>
    </Emoticon>

    <Emoticon>
        <id>0002</id>
        <iconUri>sy_emoji_0002.png</iconUri>
        <iconType>png</iconType>
    </Emoticon>

    <Emoticon>
        <id>0003</id>
        <iconUri>sy_emoji_0003.png</iconUri>
        <iconType>png</iconType>
    </Emoticon>

    <Emoticon>
        <id>0004</id>
        <iconUri>sy_emoji_0004.png</iconUri>
        <iconType>png</iconType>
    </Emoticon>

    <Emoticon>
        <id>0005</id>
        <iconUri>sy_emoji_0005.png</iconUri>
        <iconType>png</iconType>
    </Emoticon>

    <Emoticon>
        <id>0006</id>
        <iconUri>sy_emoji_0006.png</iconUri>
        <iconType>png</iconType>
    </Emoticon>

    <Emoticon>
        <id>0007</id>
        <iconUri>sy_emoji_0007.png</iconUri>
        <iconType>png</iconType>
    </Emoticon>

    <Emoticon>
        <id>0008</id>
        <iconUri>sy_emoji_0008.png</iconUri>
        <iconType>png</iconType>
    </Emoticon>

    <Emoticon>
        <id>0009</id>
        <iconUri>sy_emoji_0009.png</iconUri>
        <iconType>png</iconType>
    </Emoticon>

    <Emoticon>
        <id>0010</id>
        <iconUri>sy_emoji_0010.png</iconUri>
        <iconType>png</iconType>
    </Emoticon>

    <Emoticon>
        <id>0011</id>
        <iconUri>sy_emoji_0011.png</iconUri>
        <iconType>png</iconType>
    </Emoticon>

    <Emoticon>
        <id>0012</id>
        <iconUri>sy_emoji_0012.png</iconUri>
        <iconType>png</iconType>
    </Emoticon>

    <Emoticon>
        <id>0013</id>
        <iconUri>sy_emoji_0013.png</iconUri>
        <iconType>png</iconType>
    </Emoticon>

    <Emoticon>
        <id>0014</id>
        <iconUri>sy_emoji_0014.png</iconUri>
        <iconType>png</iconType>
    </Emoticon>

    <Emoticon>
        <id>0015</id>
        <iconUri>sy_emoji_0015.png</iconUri>
        <iconType>png</iconType>
    </Emoticon>

    <Emoticon>
        <id>0016</id>
        <iconUri>sy_emoji_0016.png</iconUri>
        <iconType>png</iconType>
    </Emoticon>

    <Emoticon>
        <id>0017</id>
        <iconUri>sy_emoji_0017.png</iconUri>
        <iconType>png</iconType>
    </Emoticon>

    <Emoticon>
        <id>0018</id>
        <iconUri>sy_emoji_0018.png</iconUri>
        <iconType>png</iconType>
    </Emoticon>

    <Emoticon>
        <id>0019</id>
        <iconUri>sy_emoji_0019.png</iconUri>
        <iconType>png</iconType>
    </Emoticon>

    <Emoticon>
        <id>0020</id>
        <iconUri>sy_emoji_0020.png</iconUri>
        <iconType>png</iconType>
    </Emoticon>

    <Emoticon>
        <id>0021</id>
        <iconUri>sy_emoji_0021.png</iconUri>
        <iconType>png</iconType>
    </Emoticon>

    <Emoticon>
        <id>0022</id>
        <iconUri>sy_emoji_0022.png</iconUri>
        <iconType>png</iconType>
    </Emoticon>

    <Emoticon>
        <id>0023</id>
        <iconUri>sy_emoji_0023.png</iconUri>
        <iconType>png</iconType>
    </Emoticon>

    <Emoticon>
        <id>0024</id>
        <iconUri>sy_emoji_0024.png</iconUri>
        <iconType>png</iconType>
    </Emoticon>

    <Emoticon>
        <id>0025</id>
        <iconUri>sy_emoji_0025.png</iconUri>
        <iconType>png</iconType>
    </Emoticon>

    <Emoticon>
        <id>0026</id>
        <iconUri>sy_emoji_0026.png</iconUri>
        <iconType>png</iconType>
    </Emoticon>

    <Emoticon>
        <id>0027</id>
        <iconUri>sy_emoji_0027.png</iconUri>
        <iconType>png</iconType>
    </Emoticon>

    <Emoticon>
        <id>0028</id>
        <iconUri>sy_emoji_0028.png</iconUri>
        <iconType>png</iconType>
    </Emoticon>

    <Emoticon>
        <id>0029</id>
        <iconUri>sy_emoji_0029.png</iconUri>
        <iconType>png</iconType>
    </Emoticon>

    <Emoticon>
        <id>0030</id>
        <iconUri>sy_emoji_0030.png</iconUri>
        <iconType>png</iconType>
    </Emoticon>

    <Emoticon>
        <id>0031</id>
        <iconUri>sy_emoji_0031.png</iconUri>
        <iconType>png</iconType>
    </Emoticon>

    <Emoticon>
        <id>0032</id>
        <iconUri>sy_emoji_0032.png</iconUri>
        <iconType>png</iconType>
    </Emoticon>

    <Emoticon>
        <id>0033</id>
        <iconUri>sy_emoji_0033.png</iconUri>
        <iconType>png</iconType>
    </Emoticon>

    <Emoticon>
        <id>0034</id>
        <iconUri>sy_emoji_0034.png</iconUri>
        <iconType>png</iconType>
    </Emoticon>

    <Emoticon>
        <id>0035</id>
        <iconUri>sy_emoji_0035.png</iconUri>
        <iconType>png</iconType>
    </Emoticon>

    <Emoticon>
        <id>0036</id>
        <iconUri>sy_emoji_0036.png</iconUri>
        <iconType>png</iconType>
    </Emoticon>

    <Emoticon>
        <id>0037</id>
        <iconUri>sy_emoji_0037.png</iconUri>
        <iconType>png</iconType>
    </Emoticon>

    <Emoticon>
        <id>0038</id>
        <iconUri>sy_emoji_0038.png</iconUri>
        <iconType>png</iconType>
    </Emoticon>

    <Emoticon>
        <id>0039</id>
        <iconUri>sy_emoji_0039.png</iconUri>
        <iconType>png</iconType>
    </Emoticon>

    <Emoticon>
        <id>0040</id>
        <iconUri>sy_emoji_0040.png</iconUri>
        <iconType>png</iconType>
    </Emoticon>

    <Emoticon>
        <id>0041</id>
        <iconUri>sy_emoji_0041.png</iconUri>
        <iconType>png</iconType>
    </Emoticon>

    <Emoticon>
        <id>0042</id>
        <iconUri>sy_emoji_0042.png</iconUri>
        <iconType>png</iconType>
    </Emoticon>

    <Emoticon>
        <id>0043</id>
        <iconUri>sy_emoji_0043.png</iconUri>
        <iconType>png</iconType>
    </Emoticon>

    <Emoticon>
        <id>0044</id>
        <iconUri>sy_emoji_0044.png</iconUri>
        <iconType>png</iconType>
    </Emoticon>

    <Emoticon>
        <id>0045</id>
        <iconUri>sy_emoji_0045.png</iconUri>
        <iconType>png</iconType>
    </Emoticon>

    <Emoticon>
        <id>0046</id>
        <iconUri>sy_emoji_0046.png</iconUri>
        <iconType>png</iconType>
    </Emoticon>

    <Emoticon>
        <id>0047</id>
        <iconUri>sy_emoji_0047.png</iconUri>
        <iconType>png</iconType>
    </Emoticon>

    <Emoticon>
        <id>0048</id>
        <iconUri>sy_emoji_0048.png</iconUri>
        <iconType>png</iconType>
    </Emoticon>

    <Emoticon>
        <id>0049</id>
        <iconUri>sy_emoji_0049.png</iconUri>
        <iconType>png</iconType>
    </Emoticon>

    <Emoticon>
        <id>0050</id>
        <iconUri>sy_emoji_0050.png</iconUri>
        <iconType>png</iconType>
    </Emoticon>

    <Emoticon>
        <id>0051</id>
        <iconUri>sy_emoji_0051.png</iconUri>
        <iconType>png</iconType>
    </Emoticon>

    <Emoticon>
        <id>0052</id>
        <iconUri>sy_emoji_0052.png</iconUri>
        <iconType>png</iconType>
    </Emoticon>

    <Emoticon>
        <id>0053</id>
        <iconUri>sy_emoji_0053.png</iconUri>
        <iconType>png</iconType>
    </Emoticon>

    <Emoticon>
        <id>0054</id>
        <iconUri>sy_emoji_0054.png</iconUri>
        <iconType>png</iconType>
    </Emoticon>

    <Emoticon>
        <id>0055</id>
        <iconUri>sy_emoji_0055.png</iconUri>
        <iconType>png</iconType>
    </Emoticon>

    <Emoticon>
        <id>0056</id>
        <iconUri>sy_emoji_0056.png</iconUri>
        <iconType>png</iconType>
    </Emoticon>

    <Emoticon>
        <id>0057</id>
        <iconUri>sy_emoji_0057.png</iconUri>
        <iconType>png</iconType>
    </Emoticon>

    <Emoticon>
        <id>0058</id>
        <iconUri>sy_emoji_0058.png</iconUri>
        <iconType>png</iconType>
    </Emoticon>

    <Emoticon>
        <id>0059</id>
        <iconUri>sy_emoji_0059.png</iconUri>
        <iconType>png</iconType>
    </Emoticon>

    <Emoticon>
        <id>0060</id>
        <iconUri>sy_emoji_0060.png</iconUri>
        <iconType>png</iconType>
    </Emoticon>

    <Emoticon>
        <id>0061</id>
        <iconUri>sy_emoji_0061.png</iconUri>
        <iconType>png</iconType>
    </Emoticon>

    <Emoticon>
        <id>0062</id>
        <iconUri>sy_emoji_0062.png</iconUri>
        <iconType>png</iconType>
    </Emoticon>

    <Emoticon>
        <id>0063</id>
        <iconUri>sy_emoji_0063.png</iconUri>
        <iconType>png</iconType>
    </Emoticon>

    <Emoticon>
        <id>0064</id>
        <iconUri>sy_emoji_0064.png</iconUri>
        <iconType>png</iconType>
    </Emoticon>

    <Emoticon>
        <id>0065</id>
        <iconUri>sy_emoji_0065.png</iconUri>
        <iconType>png</iconType>
    </Emoticon>

    <Emoticon>
        <id>0066</id>
        <iconUri>sy_emoji_0066.png</iconUri>
        <iconType>png</iconType>
    </Emoticon>

    <Emoticon>
        <id>0067</id>
        <iconUri>sy_emoji_0067.png</iconUri>
        <iconType>png</iconType>
    </Emoticon>

    <Emoticon>
        <id>0068</id>
        <iconUri>sy_emoji_0068.png</iconUri>
        <iconType>png</iconType>
    </Emoticon>

    <Emoticon>
        <id>0069</id>
        <iconUri>sy_emoji_0069.png</iconUri>
        <iconType>png</iconType>
    </Emoticon>

    <Emoticon>
        <id>0070</id>
        <iconUri>sy_emoji_0070.png</iconUri>
        <iconType>png</iconType>
    </Emoticon>

    <Emoticon>
        <id>0071</id>
        <iconUri>sy_emoji_0071.png</iconUri>
        <iconType>png</iconType>
    </Emoticon>

    <Emoticon>
        <id>0072</id>
        <iconUri>sy_emoji_0072.png</iconUri>
        <iconType>png</iconType>
    </Emoticon>

    <Emoticon>
        <id>0073</id>
        <iconUri>sy_emoji_0073.png</iconUri>
        <iconType>png</iconType>
    </Emoticon>

    <Emoticon>
        <id>0074</id>
        <iconUri>sy_emoji_0074.png</iconUri>
        <iconType>png</iconType>
    </Emoticon>

    <Emoticon>
        <id>0075</id>
        <iconUri>sy_emoji_0075.png</iconUri>
        <iconType>png</iconType>
    </Emoticon>

    <Emoticon>
        <id>0076</id>
        <iconUri>sy_emoji_0076.png</iconUri>
        <iconType>png</iconType>
    </Emoticon>

    <Emoticon>
        <id>0077</id>
        <iconUri>sy_emoji_0077.png</iconUri>
        <iconType>png</iconType>
    </Emoticon>

    <Emoticon>
        <id>0078</id>
        <iconUri>sy_emoji_0078.png</iconUri>
        <iconType>png</iconType>
    </Emoticon>

    <Emoticon>
        <id>0079</id>
        <iconUri>sy_emoji_0079.png</iconUri>
        <iconType>png</iconType>
    </Emoticon>

</EmoticonSet>
